{"cameraMode":{"drawMode":0,"name":"Shaded","section":"Shading Mode"},"sceneLighting":true,"audioPlay":false,"sceneViewState":{"showFog":true,"showMaterialUpdate":false,"showSkybox":true,"showFlares":true,"showImageEffects":true,"showParticleSystems":true},"in2DMode":false,"pivot":{"x":-20.229347229003908,"y":17.59953498840332,"z":-1.6922184228897095},"rotation":{"x":0.09197520464658737,"y":0.7107400894165039,"z":-0.09457545727491379,"w":0.6909737586975098},"size":13.907069206237793,"orthographic":false}