{"cameraMode":{"drawMode":0,"name":"Shaded","section":"Shading Mode"},"sceneLighting":false,"audioPlay":false,"sceneViewState":{"showFog":true,"showMaterialUpdate":false,"showSkybox":true,"showFlares":true,"showImageEffects":true,"showParticleSystems":true},"in2DMode":false,"pivot":{"x":-1402.4783935546875,"y":-296.5592041015625,"z":-735.5245361328125},"rotation":{"x":-0.03879314288496971,"y":0.7497154474258423,"z":-0.04415542259812355,"w":-0.6591451168060303},"size":250.21914672851563,"orthographic":false}