{"cameraMode":{"drawMode":0,"name":"Shaded","section":"Shading Mode"},"sceneLighting":false,"audioPlay":false,"sceneViewState":{"showFog":true,"showMaterialUpdate":false,"showSkybox":true,"showFlares":true,"showImageEffects":true,"showParticleSystems":true},"in2DMode":false,"pivot":{"x":-17.702848434448243,"y":12.537940979003907,"z":21.163511276245118},"rotation":{"x":0.31222787499427798,"y":0.31641292572021487,"z":-0.1111491322517395,"w":0.8888433575630188},"size":131.92236328125,"orthographic":false}