{"cameraMode":{"drawMode":0,"name":"Shaded","section":"Shading Mode"},"sceneLighting":false,"audioPlay":false,"sceneViewState":{"showFog":true,"showMaterialUpdate":false,"showSkybox":true,"showFlares":true,"showImageEffects":true,"showParticleSystems":true},"in2DMode":false,"pivot":{"x":4.722781181335449,"y":12.37596607208252,"z":16.825136184692384},"rotation":{"x":0.1707131415605545,"y":0.7873942852020264,"z":-0.25029677152633669,"w":0.5368601679801941},"size":52.450565338134769,"orthographic":false}