{"cameraMode":{"drawMode":0,"name":"Shaded","section":"Shading Mode"},"sceneLighting":false,"audioPlay":false,"sceneViewState":{"showFog":true,"showMaterialUpdate":false,"showSkybox":true,"showFlares":true,"showImageEffects":true,"showParticleSystems":true},"in2DMode":false,"pivot":{"x":-36.4781494140625,"y":725.826416015625,"z":-34.257568359375},"rotation":{"x":-0.01314990408718586,"y":0.08033113181591034,"z":0.0010161891113966704,"w":0.9966809749603272},"size":522.93701171875,"orthographic":false}