{"cameraMode":{"drawMode":0,"name":"Shaded","section":"Shading Mode"},"sceneLighting":false,"audioPlay":false,"sceneViewState":{"showFog":true,"showMaterialUpdate":false,"showSkybox":true,"showFlares":true,"showImageEffects":true,"showParticleSystems":true},"in2DMode":false,"pivot":{"x":-18.28005599975586,"y":0.1200035884976387,"z":3.6719400882720949},"rotation":{"x":0.3539678454399109,"y":0.003345243167132139,"z":-0.0013652725610882044,"w":0.9352506399154663},"size":5.974574565887451,"orthographic":false}