{"cameraMode":{"drawMode":0,"name":"Shaded","section":"Shading Mode"},"sceneLighting":false,"audioPlay":false,"sceneViewState":{"showFog":true,"showMaterialUpdate":false,"showSkybox":true,"showFlares":true,"showImageEffects":true,"showParticleSystems":true},"in2DMode":false,"pivot":{"x":-17.399999618530275,"y":0.2800000011920929,"z":0.0},"rotation":{"x":-0.046749189496040347,"y":-0.9497107267379761,"z":0.17313455045223237,"w":-0.2566874623298645},"size":13.76242733001709,"orthographic":false}