{"cameraMode":{"drawMode":0,"name":"Shaded","section":"Shading Mode"},"sceneLighting":false,"audioPlay":false,"sceneViewState":{"showFog":true,"showMaterialUpdate":false,"showSkybox":true,"showFlares":true,"showImageEffects":true,"showParticleSystems":true},"in2DMode":false,"pivot":{"x":0.0,"y":-1.2557765245437623,"z":-0.13887369632720948},"rotation":{"x":0.24663104116916657,"y":-0.23127050697803498,"z":0.060719698667526248,"w":0.9391487240791321},"size":10.34566879272461,"orthographic":false}