{"cameraMode":{"drawMode":0,"name":"Shaded","section":"Shading Mode"},"sceneLighting":false,"audioPlay":false,"sceneViewState":{"showFog":true,"showMaterialUpdate":false,"showSkybox":true,"showFlares":true,"showImageEffects":true,"showParticleSystems":true},"in2DMode":false,"pivot":{"x":-14.131437301635743,"y":-5.468789100646973,"z":-0.6541576385498047},"rotation":{"x":-0.1275027096271515,"y":0.6234973073005676,"z":-0.10403107106685639,"w":-0.7643112540245056},"size":45.37554931640625,"orthographic":false}