{"cameraMode":{"drawMode":0,"name":"Shaded","section":"Shading Mode"},"sceneLighting":false,"audioPlay":false,"sceneViewState":{"showFog":true,"showMaterialUpdate":false,"showSkybox":true,"showFlares":true,"showImageEffects":true,"showParticleSystems":true},"in2DMode":false,"pivot":{"x":0.060600001364946368,"y":0.04119999706745148,"z":-0.02520001120865345},"rotation":{"x":-0.05619950219988823,"y":0.5285724997520447,"z":-0.035102397203445438,"w":-0.8462982177734375},"size":0.2847289443016052,"orthographic":false}