{"cameraMode":{"drawMode":0,"name":"Shaded","section":"Shading Mode"},"sceneLighting":false,"audioPlay":false,"sceneViewState":{"showFog":true,"showMaterialUpdate":false,"showSkybox":true,"showFlares":true,"showImageEffects":true,"showParticleSystems":true},"in2DMode":false,"pivot":{"x":-104.8511962890625,"y":-14.6741943359375,"z":-0.000244140625},"rotation":{"x":0.1925515979528427,"y":-0.2874772250652313,"z":0.05911965295672417,"w":0.9363683462142944},"size":20500.34765625,"orthographic":false}