{"cameraMode":{"drawMode":0,"name":"Shaded","section":"Shading Mode"},"sceneLighting":false,"audioPlay":false,"sceneViewState":{"showFog":true,"showMaterialUpdate":false,"showSkybox":true,"showFlares":true,"showImageEffects":true,"showParticleSystems":true},"in2DMode":false,"pivot":{"x":-1402.5352783203125,"y":-307.77783203125,"z":-735.5236206054688},"rotation":{"x":-0.09046828746795654,"y":0.3371860980987549,"z":-0.032594483345746997,"w":-0.9365140795707703},"size":237.04737854003907,"orthographic":false}