{"cameraMode":{"drawMode":0,"name":"Shaded","section":"Shading Mode"},"sceneLighting":false,"audioPlay":false,"sceneViewState":{"showFog":true,"showMaterialUpdate":false,"showSkybox":true,"showFlares":true,"showImageEffects":true,"showParticleSystems":true},"in2DMode":false,"pivot":{"x":0.048563480377197269,"y":-5.468787670135498,"z":-14.554160118103028},"rotation":{"x":-0.06871793419122696,"y":0.6590595245361328,"z":-0.06068998575210571,"w":-0.7464818358421326},"size":17.709501266479493,"orthographic":false}