{"cameraMode":{"drawMode":0,"name":"Shaded","section":"Shading Mode"},"sceneLighting":false,"audioPlay":false,"sceneViewState":{"showFog":true,"showMaterialUpdate":false,"showSkybox":true,"showFlares":true,"showImageEffects":true,"showParticleSystems":true},"in2DMode":false,"pivot":{"x":-7.319896221160889,"y":-5.964813232421875,"z":-14.788147926330567},"rotation":{"x":0.6149722337722778,"y":-0.11812230944633484,"z":0.7739743590354919,"w":0.09391537308692932},"size":10.409793853759766,"orthographic":false}