{"cameraMode":{"drawMode":0,"name":"Shaded","section":"Shading Mode"},"sceneLighting":false,"audioPlay":false,"sceneViewState":{"showFog":true,"showMaterialUpdate":false,"showSkybox":true,"showFlares":true,"showImageEffects":true,"showParticleSystems":true},"in2DMode":false,"pivot":{"x":-1402.5352783203125,"y":-307.77783203125,"z":-735.5236206054688},"rotation":{"x":-0.0038064320106059314,"y":0.9958988428115845,"z":-0.05114627256989479,"w":-0.07453221082687378},"size":247.57139587402345,"orthographic":false}