{"cameraMode":{"drawMode":0,"name":"Shaded","section":"Shading Mode"},"sceneLighting":true,"audioPlay":false,"sceneViewState":{"showFog":true,"showMaterialUpdate":false,"showSkybox":true,"showFlares":true,"showImageEffects":true,"showParticleSystems":true},"in2DMode":false,"pivot":{"x":-27.011157989501954,"y":3.908925771713257,"z":-36.22532272338867},"rotation":{"x":0.010340077802538872,"y":-0.9895888566970825,"z":0.10760413855314255,"w":0.09501758962869644},"size":764.971923828125,"orthographic":false}