{"cameraMode":{"drawMode":0,"name":"Shaded","section":"Shading Mode"},"sceneLighting":false,"audioPlay":false,"sceneViewState":{"showFog":true,"showMaterialUpdate":false,"showSkybox":true,"showFlares":true,"showImageEffects":true,"showParticleSystems":true},"in2DMode":false,"pivot":{"x":-19.76961326599121,"y":0.6545645594596863,"z":0.21412384510040284},"rotation":{"x":0.01657385565340519,"y":0.9825873374938965,"z":-0.15031492710113526,"w":0.1079489067196846},"size":7.95806884765625,"orthographic":false}