{"cameraMode":{"drawMode":0,"name":"Shaded","section":"Shading Mode"},"sceneLighting":false,"audioPlay":false,"sceneViewState":{"showFog":true,"showMaterialUpdate":false,"showSkybox":true,"showFlares":true,"showImageEffects":true,"showParticleSystems":true},"in2DMode":false,"pivot":{"x":20.457889556884767,"y":125.54072570800781,"z":-43.15055847167969},"rotation":{"x":-0.03879314288496971,"y":0.7497154474258423,"z":-0.04415542259812355,"w":-0.6591451168060303},"size":616.2108154296875,"orthographic":false}