{"cameraMode":{"drawMode":0,"name":"Shaded","section":"Shading Mode"},"sceneLighting":true,"audioPlay":false,"sceneViewState":{"showFog":true,"showMaterialUpdate":false,"showSkybox":true,"showFlares":true,"showImageEffects":true,"showParticleSystems":true},"in2DMode":false,"pivot":{"x":-20.229347229003908,"y":17.59953498840332,"z":-1.6922184228897095},"rotation":{"x":-0.18680360913276673,"y":-0.6019309163093567,"z":0.1474783718585968,"w":-0.7622557282447815},"size":7.906677722930908,"orthographic":false}