{"cameraMode":{"drawMode":0,"name":"Shaded","section":"Shading Mode"},"sceneLighting":false,"audioPlay":false,"sceneViewState":{"showFog":true,"showMaterialUpdate":false,"showSkybox":true,"showFlares":true,"showImageEffects":true,"showParticleSystems":true},"in2DMode":false,"pivot":{"x":0.012308314442634583,"y":0.02929038181900978,"z":0.010343939065933228},"rotation":{"x":0.22273211181163789,"y":0.6687565445899963,"z":-0.6740202307701111,"w":0.22102490067481996},"size":0.5859674215316773,"orthographic":false}