{"cameraMode":{"drawMode":0,"name":"Shaded","section":"Shading Mode"},"sceneLighting":false,"audioPlay":false,"sceneViewState":{"showFog":true,"showMaterialUpdate":false,"showSkybox":true,"showFlares":true,"showImageEffects":true,"showParticleSystems":true},"in2DMode":false,"pivot":{"x":0.0,"y":0.0011299848556518555,"z":0.030235007405281068},"rotation":{"x":-0.006936074700206518,"y":-0.9926050305366516,"z":-0.0712902843952179,"w":0.09800416976213455},"size":4.654256343841553,"orthographic":false}