{"cameraMode":{"drawMode":0,"name":"Shaded","section":"Shading Mode"},"sceneLighting":false,"audioPlay":false,"sceneViewState":{"showFog":true,"showMaterialUpdate":false,"showSkybox":true,"showFlares":true,"showImageEffects":true,"showParticleSystems":true},"in2DMode":false,"pivot":{"x":1873.5067138671875,"y":1189.6561279296875,"z":423.6910095214844},"rotation":{"x":-0.009491964243352414,"y":-0.8156159520149231,"z":0.5783595442771912,"w":-0.013446853496134282},"size":10406.0029296875,"orthographic":false}