{"cameraMode":{"drawMode":0,"name":"Shaded","section":"Shading Mode"},"sceneLighting":false,"audioPlay":false,"sceneViewState":{"showFog":true,"showMaterialUpdate":false,"showSkybox":true,"showFlares":true,"showImageEffects":true,"showParticleSystems":true},"in2DMode":false,"pivot":{"x":-21.837478637695314,"y":1.4808707237243653,"z":5.184582710266113},"rotation":{"x":-0.025028089061379434,"y":0.8060512542724609,"z":-0.034099023789167407,"w":-0.5903322696685791},"size":9.595423698425293,"orthographic":false}