{"cameraMode":{"drawMode":0,"name":"Shaded","section":"Shading Mode"},"sceneLighting":false,"audioPlay":false,"sceneViewState":{"showFog":true,"showMaterialUpdate":false,"showSkybox":true,"showFlares":true,"showImageEffects":true,"showParticleSystems":true},"in2DMode":false,"pivot":{"x":-1394.86669921875,"y":-323.2503967285156,"z":-714.1558837890625},"rotation":{"x":-0.15860475599765778,"y":-0.1891927868127823,"z":0.03095969371497631,"w":-0.9685515761375427},"size":486.04437255859377,"orthographic":false}