{"cameraMode":{"drawMode":0,"name":"Shaded","section":"Shading Mode"},"sceneLighting":false,"audioPlay":false,"sceneViewState":{"showFog":true,"showMaterialUpdate":false,"showSkybox":true,"showFlares":true,"showImageEffects":true,"showParticleSystems":true},"in2DMode":false,"pivot":{"x":0.000003814697265625,"y":59.79466247558594,"z":32.937530517578128},"rotation":{"x":0.3979329466819763,"y":-0.5449645519256592,"z":0.3279995918273926,"w":0.6611196994781494},"size":367.1347351074219,"orthographic":false}